title,url,email
Welcome to St. Clair Travel Agency,https://stclairtravel.com/,{'info@stclairtravel.com'}
The 25 Best Travel Agencies in Toronto,https://hardbacon.ca/en/travel/travel-agencies-toronto/,set()
25 Best Travel Agencies in Toronto in 2023,https://www.savvynewcanadians.com/best-travel-agencies-in-toronto/,"{'torontotravel@rogers.com', 'TORONTOTRAVEL@ROGERS.COM'}"
Best Travel Agency Toronto and Scarborough |Tickets from ...,https://www.skylighttravel.ca/,set()
Marlin Travel Agencies in Canada | Travel Agents in Your ...,https://www.marlintravel.ca/,{'reservationweb.tdc@transat.com'}
"The Best 10 Travel Agents near me in Toronto, Ontario",https://www.yelp.ca/search?cflt=travelagents&find_loc=Toronto%2C+ON,set()
"Best Travel Agents near me in Toronto, Ontario - Yelp.ca",https://www.yelp.ca/search?find_desc=Travel+Agents&find_loc=Toronto%2C+ON,set()
The 7 Best Travel Agencies in Toronto [2023 ],https://www.thebesttoronto.com/top-travel-agencies-toronto/,{'support@thebesttoronto.com'}
Travel Agency in Toronto| Vacation Packages | Italy Tours ...,https://www.polotravelltd.com/,{'info@polotravelltd.com'}
Toronto West Travel,http://torontotravelwest.ca/,{'TORONTOTRAVEL@ROGERS.COM'}
The Luxury Travel Agency in Toronto,https://www.theluxurytravelagency.com/the-luxury-travel-agency-in-toronto/,"{'Concierge@TheLuxuryTravelAgency.com', 'client.services@theluxurytravelagency.com'}"
Acadia Travel – Toronto Agency,https://acadiatravel.ca/toronto-agency/,set()
The Travel Agent Next Door: Home of the best travel agent ...,https://thetravelagentnextdoor.ca/,"{'friisdahl@thetravelagentnextdoor.com', 'stanley@thetravelagentnextdoor.com'}"
TravelPlus U Travel & Tours - Toronto,https://www.travelplus.ca/travel-agencies/toronto/595-bay-street-atrium-on-bay-47409,{'info@utraveltours.com'}
5 Best Travel Agencies in Toronto  ,https://kevsbest.ca/best-travel-agencies-in-toronto/,set()
Travel Agency Toronto - About Us,https://totaladvantagetravel.com/travel-agency-toronto/,"{'info@totaladvantage.com', 'Info@TotalAdvantage.com'}"
Royal Bank Plaza Toronto,https://www.tripcentral.ca/travel-agencies_00_0P_DP_RoyalBank.html,set()
"Mandala Travel - Brazilian Travel Agency in Toronto, ON",https://www.mandalatravel.ca/,set()
Corporate Travel Management in Toronto,https://worldgo.ca/corporate-travel-management-toronto/,set()
The 10 best travel agents in Toronto - Last Updated May 2023,https://www.starofservice.ca/dir/ontario/toronto/toronto/travel-agency-services,set()
Alexandrou Travel Design - Luxury Travel Agency in Toronto,https://www.alexandroutraveldesign.com/,"{'ioannis@alexandroutraveldesign.com', 'user@domain.com', 'george@alexandroutraveldesign.com', 'info@alexandroutraveldesign.com'}"
Helloworld Toronto - Home,https://www.helloworld.com.au/store/toronto,set()
Travel Agencies - Toronto GTA,https://muslimlink.ca/directory/toronto-gta/travel/travel-agencies/all?cf43[0]=Toronto%20GTA,set()
Transat Travel | Agency in Toronto | 56 Church St.,https://www.transattravel.com/travel-agencies/toronto/56-church-st-42663,"{'john.wilkie@transat.com', 'condon.corbett@transat.com', 'gillian.gervais@transat.com', 'kris.orszag@transat.com', 'Angie.mammoliti@transat.com', 'dimitri.nikiforos@transat.com', 'pcc251n@transat.com', 'franca.campagna@transat.com'}"
Tour Agent Toronto - Cheap Tickets to India Brampton - Tour ...,https://www.khalsatravel.com/,set()
SEBANG Travel Agency Toronto - Korean ...,https://canadabusinessdirectory.net/ontario/sebang-travel-agency-toronto/,set()
Australia Travel Specialists in Toronto,https://www.gowalkabouttravel.com/australia-travel-specialists-toronto/,{'info@domainworld.com'}
"Charlene Calwell, The Travel Agent Next Door | Toronto ON",https://www.facebook.com/charlenecalwell.thetravelagentnextdoor/,set()
Imagine Holidays Travel and Tours,https://imagineholidays.ca/,set()
"Travel Agency Jobs in Toronto, ON (with Salaries) 2023","https://ca.indeed.com/Travel-Agency-jobs-in-Toronto,-ON",set()
"BBB Accredited Travel Agency near Toronto, ON",https://www.bbb.org/ca/on/toronto/category/travel-agency,set()
Recommendation-Travel Agency in Toronto-South African ...,https://www.tripadvisor.ca/ShowTopic-g293740-i9186-k6147865-Recommendation_Travel_Agency_in_Toronto_South_African_trip-South_Africa.html,set()
St. Clair Travel Agency - Travel - Toronto,https://www.weddingwire.ca/honeymoon/st-clair-travel-agency--e14236,set()
Travel agents in Danforth,https://www.banglatoronto.ca/businesses/travel-agents,set()
"Global Travel Agency - 1075 College St, Toronto, ON",https://www.yellowpages.ca/bus/Ontario/Toronto/Global-Travel-Agency/696853.html,set()
"Travel Agency, 222 Spadina Ave, Toronto, ON, Travel Agents",https://www.mapquest.com/canada/ontario/travel-agency-455383469,{'help@mapquest.com'}
"29 Travel Agency jobs in Toronto, Ontario, Canada",https://ca.linkedin.com/jobs/travel-agency-jobs-toronto-on,set()
"Toronto Toronto - tembel - Travel Agency ""Fishka""",https://ca.linkedin.com/in/toronto-toronto-46bb403a,set()
"tianbao travel: international flights, North America Tour Group ...",https://m.tianbaotravel.com/,set()
Downsview Travel Agency - Travel Agency - Toronto,https://wego.here.com/canada/toronto/travel-agency/downsview-travel-agency--124dpz2z-0a80a44addc8474b84a5400148b9c5de,set()
Toronto Gay & Lesbian Travel Agents,https://www.travelleaders.com/agents?slctDestination=Toronto&slctInterest=Gay+%26+Lesbian&slctState=&slctMetro=&slctCity=&slctLanguage=&slctSupplier=,set()
Travel Agents - AdsTamil.Com,https://adstamil.com/?page=directory&id=130,set()
First Travel Agency In-House Video Production Studio ...,https://www.travelmarketreport.com/articles/First-Travel-Agency-In-House-Video-Production-Studio-Opens-in-Toronto,"{'editor@travelmarketreport.com', 'sales@travelmarketreport.com'}"
ClickTheMouse | Authorized Disney Vacation Planners ...,https://www.clickthemouse.ca/,set()
Canada Express Travel | Canadian Travel Made Easy!,https://canadaexpresstravel.ca/,set()
Al Ibrahim Travel & Tours - Toronto,https://www.alibrahimtravel.com/,set()
121 best-rated Travel Agents in Toronto in 2023,https://yably.ca/travel-agents/toronto,set()
"Travel Agent Toronto Airfares, Flight Tickets, Cruises ...",https://galatravels.com/WorkWithUs,set()
Welcome to Avenue Travel | Award Winning Travel Agency,https://www.avenuetravel.ca/,set()
"Driving directions to Acadia Travel Agency, 850 College St ...",https://www.waze.com/live-map/directions/ca/on/toronto/acadia-travel-agency?to=place.ChIJm6Bsvfc0K4gRbnfT62Dkhd4,set()
"Expedia Cruises, Toronto - Your cruise vacation specialists",https://www.expediacruises.ca/en-CA/500087/about,set()
"20 Best Travel Agencies in Toronto, Canada",https://datagemba.com/b/v/ca/toronto/travel-agencies,set()
BlueGuia - Guia Comercial Portugues,https://www.blueguia.com/index.php?classific=13,set()
Travel Agents In Toronto - Canada Tour Operators,https://www.tourtravelworld.com/travel-agents/canada/toronto_tour-operator.htm,set()
"Global Travel Agency - 1075 College St, Toronto, ON M6H ...",https://websites.ca/listing/LTMCMgDeN/Global-Travel-Agency-Toronto-Ontario,set()
"Toronto, Canada (YYZ)",http://ostravel.ca/popular-destinations/toronto-canada/,set()
Eastview Travel Agency Ltd.Home,http://eastview.ca/,set()
"Travel Agency in Little Portugal, Toronto, ON",https://www.cylex-canada.ca/toronto/little-portugal/travel%20agency.html,set()
My Dream Travel Agency Toronto (@mydreamtravel.ca),https://www.tiktok.com/@mydreamtravel.ca,"{'e-commerce.ip@tiktok.com', 'example@example.com', 'reports@tiktok.com', 'XXXX@XXXX.com', 'pr@tiktok.com', 'email@domain.com'}"
Georgia Hardy Tours: Educational & Family Travel Agency ...,https://ghardytours.com/,set()
Atlas | Cheap Ticket,https://atlas.travel/,set()
Rex Travel Agency - Toronto Flights & Airline Tickets,https://opentoronto.com/cnt/rex_travel_agency_air_travel_toronto.php,set()
Exotic vacations: Your travel agency in the Greater Toronto ...,http://exotictours.ca/,{'exoticvacations@hotmail.com'}
"Urgent! Travel agency jobs in Toronto, ON",https://ca.jooble.org/jobs-travel-agency/Toronto%2C-ON,"{'privacy@jooble.com', 'example@mail.com', 'press@jooble.com'}"
Travel agencies in Toronto ※TOP 10※,https://www.fortorontolovers.com/en/best/travel-agencies-in-toronto,set()
Toronto travel agency mistake ruins Ontario woman's ...,https://toronto.ctvnews.ca/ontario-woman-says-toronto-travel-agency-error-turned-dream-jamaica-trip-into-nightmare-1.5895185,set()
"Cheap Flights, Airline Tickets, Travel Agency in Brampton, ON ...",https://www.nanakflights.com/,set()
Canada Express Travel Agency Inc.,http://dvbia.ca/directory/canada-express-travel-agency-inc/,set()
TORONTO - Four Seasons Hotel - Luxury Virtuoso ...,https://renshawtravel.com/?id=59,set()
Toronto travel agency charged by Ontario's ...,https://www.durhamradionews.com/archives/93253,set()
"Indian Travel Agents Toronto, Ontario",https://indianbusinesscanada.com/category/indian-travel-agents/279/toronto/4/ontario/19/,"{'info@etravelair.com', 'tanuj.rctours@gmail.com', 'fayyaz416@gmail.com', 'muhammadatif@hotmail.com'}"
Book Your Toronto Trips with Our Brockville Travel Agency,https://www.howardtravel.ca/news.php?postID=47&article=Book-Your-Toronto-Trips-with-Our-Brockville-Travel-Agency,set()
Bains Travel Mississauga | bainstravel.com,https://bainstravel.com/offer/bains-travel-mississauga/,set()
Persian Travel Agency in Toronto + Contacts,https://ganjineh.ca/persian-travel-agency/,set()
Titan Tours: Welcome,https://www.titantourstravel.com/,{'titantours@on.aibn.com'}
Closure List of Ontario-Registered Travel Retailers and ...,https://www.tico.ca/compliance-and-enforcement/registrant-closure-list.html,set()
All travel agency jobs in toronto ontario,https://www.workopolis.com/jobsearch/travel-agency-jobs/toronto-ontario,set()
Welcome to Gareri Travel Agency,https://gareritravel.com/,"{'cathy@gareritravel.com', 'fly@gareritravel.com', 'angeline@gareritravel.com', 'cathyp@gareritravel.com', 'carmine@gareritravel.com', 'joe@gareritravel.com', 'speranzahope@gareritravel.com', 'mike@gareritravel.com'}"
Welcome to Travel My Way | Award Winning Travel Agency,https://www.travelmyway.ca/,set()
"Results for ""travel agent"" in All Categories in Toronto (GTA)",https://www.kijiji.ca/b-gta-greater-toronto-area/travel-agent/k0l1700272,{'info@hawkstravel.com'}
"Destination Weddings Travel Agents in Toronto, Ontario",https://www.canadiantravelagents.ca/agents?slctDestination=&slctInterest=Destination+Weddings&slctState=ON&slctMetro=Toronto&slctLanguage=&slctSupplier=,set()
BST Vacations | Full Service Travel Agency,https://bstvacations.ca/,set()
Unique Travel Toronto / Best Travel Agency for Flights and ...,https://www.uniquetravel.ca/en/,set()
Travel Agency,https://ocufa.on.ca/members-area/travel-agency/,set()
Travel Agents - Toronto Limo,https://limousinestoronto.com/contact-us/travel-agents,{'Sales@OnyakTech.com'}
Nova Travel Toronto,https://novatraveltoronto.com/,set()
MDJ Travel Service Ltd. - Canada,https://mapcarta.com/N729443810,set()
Woman facing charges for allegedly running fake travel ...,https://toronto.citynews.ca/2019/03/19/woman-arrested-fake-travel-agency/,set()
Filipino Travel Agency In Toronto Location - Google My Maps,https://www.google.com/mymaps/viewer?mid=1oyQvuXBL3BugGPKjj9PX43IiZ38&hl=en_US,set()
DMC & Travel Agency for 40 years | Receptour Canada ...,https://www.receptourcanada.com/,set()
St Clair Travel Agency - Toronto,https://ca.nextdoor.com/pages/st-clair-travel-agency/,set()
Police searching for Toronto travel agent charged after ...,https://globalnews.ca/news/3015683/toronto-travel-agent-exposed-by-global-news-wanted-for-fraud-charges-fleeing-police/,"{'viewers@globalnational.com', 'newswatch@corusent.com', 'News@900chml.com', 'newswatch@chextv.com', 'tips@GlobalTVBC.com', 'newstips@globaltv.com', 'viewermail@chextv.com'}"
Airline Tickets | Vacation Packages | Cruises & Last Minute ...,https://www.redtag.ca/,set()
Cheap Flights & Vacation Packs - Airline Ticket Centre ...,https://airlineticketcentre.ca/,set()
Marriott's Travel Agents,https://www.travelagents.marriott.com/travelagents/default.mi,set()
Flair Airlines - Best Flight Deals in Canada,https://flyflair.com/,set()
SuperTravel - Save up to 50% on great hotels everywhere,https://www.super.com/travel,set()
Air Canada Refund and Cancellation Policy,https://www.aircanada.com/ca/en/aco/home/fly/customer-support/cancellation-refund.html,set()
